claim_id	claim	manuscript_location	evidence_type	source	verification_status
C01	v0 image inputs were per-object tokens computed from scene metadata and already bind attributes	Sec 1 para 2; Sec 3 "Two input conditions"	code inspection	bindcomp/render.py ProxyEncoder.image_tokens; bindcomp/render.py PROVENANCE	VERIFIED_CODE
C02	pixel-path model inputs come only from rendered images and caption strings; scorers never read metadata	Sec 3 "Two input conditions"	code + unit test	bindcomp/clip_features.py (type checks); tests/test_pixel_path.py::TestProvenanceGuard; runs/tests_20260926T162256Z/unittest_output.txt	TECHNICAL_TEST_PASS
C03	edit orbit = valid scenes with equal shape/colour/material multisets; binding and relation edits stay in the orbit, content edits leave it	Sec 3 "Edit orbits and splits"	derivation + unit test	bindcomp/scene.py Scene.content_key; tests/test_data_v1.py::test_content_key_is_invariant_under_binding_necessary_edits	VERIFIED_TEST (exhaustive over sampled scenes, not a proof over all scenes)
C04	data v1 passes structural and leakage audits (0 failures, no cross-split orbit)	Sec 5.1	raw result	runs/metadata_check_data_v1_20260926T161932Z/audit.json n_fail; checks/no_cross_split_orbit	RAW_VERIFIED
C05	base-vs-edited linear detectors near 0.5 (captions 0.508, oracle tokens 0.512, pooled CLIP 0.47 [0.31,0.61])	Sec 5.1	raw result	runs/metadata_check_data_v1_20260926T161932Z/blind.json; runs/pixel_baseline_v1_20260926T161957Z/metrics.json base_vs_edited_detectability	RAW_VERIFIED (linear detectors only; small n for pooled CLIP)
C06	audit decoder found 0 mismatches on all 288 small-panel images	Sec 5.1	raw result	runs/pixel_baseline_v1_20260926T161957Z/metrics.json renderer_audit	RAW_VERIFIED (self-consistency, not independent visual verification)
C07	metal-cone highlight bug found by the decoder and fixed before any model run	Sec 5.1; App F	process record	STATUS.md A5 item 3; git history of bindcomp/pixel_render.py (SPECULAR_AT)	DOCUMENTED (pre-fix counts 16/1500 from a development check without a saved raw log)
C08	small-panel baseline: BN dev group 0.000-0.062, GroupMatch 0.438-0.625, pair AUC 0.500-0.508 over seeds	Abstract; Sec 5.2 obs (3); Table 1	raw result	runs/pixel_baseline_v1_20260926T161957Z/metrics.json hardneg/<seed>/dev[all]	RAW_VERIFIED (exported macros SPdevBN*)
C09	head largely fits training groups (fit subset group 1.000; train BN group 0.562-0.875) but paraphrase aug_group on fit subset 0.125	Abstract; Sec 5.2 obs (2)	raw result	metrics.json fit_sanity/train_fit; hardneg/<seed>/train_fit	RAW_VERIFIED
C10	content channel alone reproduces most of the full-panel group score (0.156-0.219 vs 0.156-0.375)	Abstract; Sec 5.2 obs (4)	raw result	metrics.json hardneg/<seed>/dev[content]/all/group vs dev[all]/all/group	RAW_VERIFIED ("most" is a qualitative reading of per-seed values)
C11	oracle object-token control reaches only 0.125-0.312 BN dev group after perfect train fit	Sec 5.2 obs (5)	raw result	metrics.json oracle_token_control/<seed>/dev and train_fit	RAW_VERIFIED
C12	cannot separate encoder limits from data-size/head limits on this panel	Sec 1; Sec 5.2; Sec 6	interpretation	C08, C11, C13	INTERPRETATION (no significance test; n=16 BN groups)
C13	pooled-CLIP edit/nuisance distance ratios: object 4.04, attribute 2.27, binding 1.49, relation 1.04	Sec 5.3	raw result	metrics.json nuisance_ratio/<kind>/ratio	RAW_VERIFIED (medians over 8 groups per kind)
C14	content channel not invariant with CLIP tokens (median relative change 0.23-0.28); v0 invariance was structural	Sec 3 "Head and scorer"; Sec 5.3	raw result + unit test	metrics.json hardneg/<seed>/content_residual_binding_necessary; tests/test_head_losses.py::test_content_channel_is_binding_invariant (v0)	RAW_VERIFIED
C15	gradient-norm ratio edit/task 11.7-14.0 at init, 0.27-0.55 after training (lambda=1, first train batch)	Sec 4 "Scale"	raw result	metrics.json hardneg/<seed>/grad_ratio_edit_over_task	RAW_VERIFIED (scale only; not utility)
C16	chance levels 1/4, 1/4, 1/6, 1/2, 1/3, 1/9, 0.5 for independent continuous scores	Sec 3 "Metrics"; App A	derivation + Monte Carlo	App A; metrics.json random_mc500 (group 0.168, match 0.500)	DERIVED (standard combinatorics)
C17	single-modality scorers: structural zero on text/image/group/GroupMatch/aug_group and exact 0.5 pair AUC in the balanced 2x2 design	Abstract; Sec 3 "Controls"; App C	proof + unit test + raw result	App C; tests/test_eval_shortcuts.py::test_blind_scorers_score_zero_on_group_metrics; metrics.json text_only/image_only_clip pair_auc	DERIVED + TECHNICAL_TEST_PASS
C18	S00+S11-S01-S10 = <phi(I0)-phi(I1), psi(T0)-psi(T1)> for inner-product scorers with per-input embeddings	Sec 4 Remark 1	elementary algebra	Eq. (1)	DERIVED (standard identity; not claimed as new)
C19	content-only channel reached GroupMatch 0.65-0.76 on the v0 composition split in the smoke run	Sec 3 "Binding-necessary endpoint"	raw result	runs/smoke_v0_20260926T152653Z/metrics.json <variant>_seed0[content]/test_composition/overall/match	RAW_VERIFIED (oracle tokens; first 100 groups; technical smoke)
C20	no v1 test split has been rendered, encoded or scored	Abstract; Sec 3; App E	process claim	configs/pixel_baseline_v1.json panel.test_splits; scripts/pixel_baseline.py (loads only train/dev); STATUS.md	PROCESS_CLAIM (no run dir scores v1 tests)
C21	v0 test splits were opened by the smoke run and are development material	Sec 3	raw result	runs/smoke_v0_20260926T152653Z/metrics.json (test_* keys)	RAW_VERIFIED
C22	related-work statements (benchmarks, metrics, binding studies, edit-direction losses)	Sec 2	literature	docs/PRIOR_ART.md (full-text status per entry); paper/bib_sources/arxiv_export.bib	LITERATURE: FULL_TEXT for most; PARTIAL/UNVERIFIED for uselis2026bind, gurung2025binding; venue notes only where verified
C23	no novelty is claimed for the setting ingredients or the edit-consistency objective	Sec 1; Sec 2; Sec 6	scope statement	docs/PRIOR_ART.md sec 3	SCOPE
C24	paired hard-negative vs +edit-consistency comparison	Abstract; Sec 5.4; App E	planned	App E item 1	NOT_RUN (v0 of the draft)
